{
  "overall_auc": 0.38509049123815,
  "slice_auc": {
    "naive": 0.463680387409201,
    "rule-evading": 0.333804143126177,
    "self-edit": 0.34872881355932206
  },
  "per_rule_recall": {
    "core/empty-hedge": 0.0,
    "core/no-ai-cliches": 0.15254237288135594,
    "core/no-doublets": 0.2033898305084746,
    "core/no-em-dash": 0.0847457627118644,
    "core/no-em-dash-overuse": 0.0,
    "core/no-empty-emphasis": 0.0,
    "core/no-en-dash": 0.01694915254237288,
    "core/no-hedging": 0.0,
    "core/no-legalese": 0.2542372881355932,
    "core/no-marketing-language": 0.1694915254237288,
    "core/no-not-only": 0.1864406779661017,
    "core/no-parenthetical-asides": 0.23728813559322035,
    "core/no-passive-overuse": 0.01694915254237288,
    "core/no-repetitive-openers": 0.23728813559322035,
    "core/no-robotic-transitions": 0.0,
    "core/no-rule-of-three": 0.0847457627118644,
    "core/no-semicolons": 0.22033898305084745,
    "core/no-sycophantic-openers": 0.0,
    "core/no-throat-clearing": 0.0,
    "core/oxford-comma": 0.3728813559322034,
    "core/padded-elaboration": 0.0,
    "core/sentence-length": 0.5084745762711864
  }
}
