{
  "overall_auc": 0.9130762167125803,
  "slice_auc": {
    "naive": 0.8525252525252526,
    "rule-evading": 0.9470219435736678,
    "self-edit": 0.9376214979988565
  },
  "per_rule_precision": {
    "core/no-ai-cliches": 0.9722222222222222,
    "core/no-doublets": 0.9487179487179487,
    "core/no-em-dash-overuse": 0.0,
    "core/no-empty-emphasis": 0.5,
    "core/no-en-dash": 0.0,
    "core/no-hedging": 1.0,
    "core/no-legalese": 0.453125,
    "core/no-marketing-language": 0.9722222222222222,
    "core/no-not-only": 0.9722222222222222,
    "core/no-parenthetical-asides": 0.3577981651376147,
    "core/no-passive-overuse": 0.5,
    "core/no-repetitive-openers": 0.6582278481012658,
    "core/no-rule-of-three": 0.9166666666666666,
    "core/no-semicolons": 0.23846153846153847,
    "core/oxford-comma": 0.32298136645962733,
    "core/sentence-length": 0.33035714285714285,
    "core/triad-overuse": 0.7701863354037267,
    "core/uniform-sentence-rhythm": 0.9405940594059405
  }
}
